Company,CEO
Edsson,Vitaly Kozachenko
Innosoft Group,Loai Labani
LABAAP,Israel Romero
Vinova,Mike Nguyen
TechTIQ Solutions,Wei Tan
Hipster Pte Ltd,Nikhil Gupta
Seven Bits Technologies,Sweety Gupta
ENGINE Analytics,ENGINE Analytics
NextZen Minds,NextZen Minds
Woodpeckerind,Navin Sane
Crescentic Digital,Ali Memon
PixelCrayons,Raghav Arora
Quy Technology,Siddharth Garg
DataToBiz,Ankush Sharma
Macgence,Harshul Arora
Firstsource Solutions Limited,Ritesh Idnani
Prismetric,Ashish Parmar
Techwink Services,Ripul Chhabra
Protonshub Technologies,Rakshit Khandelwal
Queppelin,Pulkit Mathur
ValueCoders,Parvessh Agarwal
Taazaa Inc,Yasir Drabu
FindErnest,Praveen Goud
Miracuves IT Solution,Aditya Bhimrajka
Spaculus Software,Ravi Mansuriya (Robert)
Aress Software,Rahul Malhotra
Course5 Intelligence Limited,Ashwin Mittal
CoinsQueens,Pam Beesly
Inceptive Technologies,Vijay Darkonde
Wiz91 Technologies Pvt Ltd,Santosh Solanki
Vardhaman Infotech,Darshan Kothari
Webandcrafts,Abin Jose Tom
Zethic Technologies,Ram Nethaji
Ahex Technologies,Parth Shukla
Ideas2IT Technologies,Gayathri V
KOMPANIONS,Yuvraj Krishan Sharma
iTech India Private Limited,Narayanan Biju
Indian Website Company,Website Design India
Appiness Interactive,Visakh Viswambharan
Sparsh Communications Pvt Ltd,Anjana Sanghi
Appsierra,Arpitt Singhal
Yugasa Software Labs,Ashish M
Amantya Technologies,Anuradha Gupta
Inferenz,Gayatri Akhani
FHIR - JK Tech,Avantika Dixit
Vdoit Technologies,Narinder Kamra
GMTA Software Solutions ,Vipul Kumar
Nest Software Private Ltd.,Anuj Khanna
OZVID TECHNOLOGIES,Monika Sharma
Vegavid Technology,Mohit Sirohi .
Bluelupin Technologies ,Tushar Gupta
Vidushi infotech SSP Pvt Ltd,Suresh Kumar Prasad
Vision Infotech,Dhiren Vaghani
Softude By Systematix Infotech,Ajay Bhoraskar
Idiosys Tech,Chiranjit Nath
Reckonsys,Sathish Visanagiri
Objectways Technologies,Ravi Shankar
Wordsys,ketan shekhar
Thinkwik Technology Pvt Ltd,Dhaval Patel
Checkmate Management Consultin,Harry Dixon
CHRP-INDIA,Satish Kumar
Extended Web AppTech LLP,Sachin Ba
NipsApp Gaming Sofware Pvt Ltd,Nipin N
Maruti Techlabs,Mitul Makadia
OXO IT SOLUTIONS PVT LTD,Sakkatar Singh
Monarch Innovation ,Pritesh Patel
Think201,Yashaswini S Prakash
Emizen Tech Private Limited,ŸÅŸäÿ±ŸÜÿØÿ±ÿß ÿ¥ÿßÿ±ŸÖÿß
Digital is Simple,James Wallace
Bizvertex,Bizvertex's Post
Smartinfologiks,Kshyana Prava (Mita)
Sjain Ventures,Shreyansh Jain
Naxtre Technologies pvt. ltd.,Nikhil Gupta
Build Offshore Team,Jamie Shanks
Master Infotech,Rahul Rana
Block Intelligence,Block Intelligence
Infospica Consultancy Services,Krishnakumar VM
10decoders,Venkatachalam D.
Prilient,Ankit Ola
Weft Technologies,Nidhin Ravi
Arramton Infotech Pvt Ltd ,Umang Marwah
Alobha Technologies Pvt Ltd,Dr. (Navi) Naveen Kumar
Qualimatrix Technologies ,Mahwish Khan
XenonStack,Navdeep Singh Gill
iOTA Infotech ,Rahul Layal
EmbarkingOnVoyage ,Abhishek N.
Pranathi Software Services,Vamsi Mohan
Techweblabs,Sharath Chand
Embitel Technologies,Sharad Bairathi
In2IT EBS,Parichay Joshi
Zelite Solutions,Sameer Karsale
Thixpro technologies,Adarsh Pushpendra pandey
AtliQ Technologies,Karandeep Singh Grover
Appoctet Technologies ,Srinivas Guni
Tekniko Global,Vibhas Mishra
Sassy Infotech ,Pranav Rana
AKRA TECH,Ashraf Syed
Twilight IT Solutions ,Thiruvengadam Krishnasamy
Quixom Technology,Niraj Jagwani
Danip Technologies,Inder Prakash
Pixel Web Solutions,Gopinath Ram
CSG Technosol Private Limited,Chandrresh Shankar Guptaa
Webmob Software Solutions,Rakesh Gupta
Deuex Solutions,Sanket Shah
Patoliya Infotech,Vijay Patoliya
Pranshtech Solutions Pvt Ltd,Dhaval Gajjar
Codewave Technologies,Abhijith HK
The buzztag media,Brenda Speirs
purpleSlate,Magesh Mahadevan
Apptware Solutions ,Harish Rohokale
Spericorn Technology,Amith Nair
eQuadriga Software,Leo Ananth Joseph
Ninja Techno Labs,Hemang Bavishi
Triveni Global Software ,Rajnikant Rana
RaftLabs,Nirav Vasa
Rao Information Technology,Dr. Tirthraj Barot
INORU,Tonye Inoru
Assimilate Technologies,Sanjay Taskar
Nexgits Private Limited,LAV PATEL
Assystant,Holesh Priyankar
softnotions technologies,Rony Sebastian
Dart Digital Agency,Raj C.
MindRich Technologies Pvt. Ltd,Sakshi Katyal
Cognic Systems Pvt LTD,Gyanendra Singh
Chainclave,Yax Sheth
Poonjan,Poonam Kumari
Misha Infotech Pvt Ltd,Rohit Wadhwa
haparz,Aditya Kumar
Siam Computing,Khuze Siam
Webgen Technologies,Sam Chakraborty
Blackblue SEO Agency,Alex Karagiannis
Elysium Technologies ,Sundaresh Kamaraj
Tech Active,Akshay Agarwal
Get Widget,Navin Sharma
GrapesTech Solutions Pvt. Ltd.,Jigish Jain
UBK INFOTECH PVT. LTD.,Amit Kumar
BrainCave Software Pvt. Ltd.,Chandan Das
Authority Ventures,Ajay Deep
Brigita Private Limited,Ganapathy Subramanian Natarajan
Matics Analytics,Chen Genossar
Helius Work Private Limited,Manan Jobanputra
Frontbit Solutions,Abhi Katrodiya
Fourchain Technologies,Santhosh Kumar
Tech Mitraa,Chinthika (Chinthi) Weerasinghe
Codiastic Soft pvt ltd,Sagar Bhise
MoonDive LLC,Angelina Annunziato
IOSYS SOFTWARE (I) PL,Pramod Bodhale
Supreme_Technologies,kamlesh singh
NewVision Software,Balan Ramaswamy
Infosense AI,Richard Hancock
Code Garage Tech,Mehakpal Singh
Primathon Technology,Sagar Patidar
Hireaidevelopers.io,Purav Gandhi
Whatmaction,Mohsin Ali Chidi
Volvsoft India Pvt. Ltd.,Nikita Puri
KvonTech Consultancy Services ,Khushal Jangid
LEEWAY SOFTECH,Tejas Jani
Metic.AI,Andrey Baskov
ScatterPie Analytics,Ashish Singh Chauhan
Agiledock,Santhosh Kumar
Coditude,Hrishikesh Kale
Heptagon Global Services,Carlos Alejandro Gorricho
Stack-Dev,Marcus Dahl
Hattussa IT Solutions,Alexander Devasagayam
Innovative Folks,Jer√¥nimo do Valle
Softinator TechLabs ,Thanking Softinator Techlabs CEO | Richa Dixit posted on the topic
Kaara Info Systems,Ashwini Suman
NirmaanKaro,Nirmaankaro Kabir
Metwaves Technologies,Arvind Panchal
AIVeda,Laher Khurana A.
Cenozic,Dr.Diwakar Tiwari
Better Software,Jai Jalan
Appit software,Aravind Gajjela
foundercode,Sahil Jaiswal
style4web,Sandeep Kotari
Go-Tech Solution,Gokulakrishnan GOTECH
Quantum Bot,Sanjay Gondaliya
Verticle Global Tech,Shivani Sharma
Technothinksup Solutions Pvt. ,Vaibhav Wadkar
Swasti Datamatrix Pvt. Ltd.,Suraj Tambare
TanŒ∏ Software Studio,Dhara Patel
FreeTechCafe Technologies,Kalai Priyan
CodEvo Solutions,Muta Manisha Rao
Softomate Solutions Limited,Deen Dayal Yadav
VOIDSPY PVT LTD,Amit Shinde
IntelloNix,Nischal Patel
Austere Systems,Shikhir Gupta
Ezer Developers,Daniel Barrero Reyes
Nandanaventures softwarepvtltd,Nanda Kumar
Pavans Group,Naresh Chauhan
syspoly,Nitin Bang
Phygital Insights,N Mallikarjuna Sarma
arieotech Solutions,Vasant Khokale
Techdotbit,How did you grow into CEO at TechDotBit? | Dayanand Kumar ...
W2XLabs,Anirudh L
Codalien Technologies,Kushal Likhi
UPSCALENET,Jerin jeba raj
Encanto Technologies,Deepesh S.
Trigital Technologies Pvt Ltd.,Venkat Akula
NEXT CODERZ IT SERVICES,Priyanka Harish
ClousTech Solutions,Keerthi S.
Deepmindz Innovations,Amit Sehgal
CodePerk Solutions,Amandeep Singh
Magnatesage,Manish Tahiliyani
Signimus,Divyesh Khamele
Digital Friend,Parth Patel
Brew Teams,Braxton Jones
Indic Lancers,Pratyush Anand
Risolutor Technologies,Kumar Arunachalam
Tekalgo Technologies LLP,Preeti Gupta
Hashcodex Tech,Chandru M
Yen Digital Pvt Ltd,Pankaj Bhardwaj
AV Technosys,Akansha Agrawal
Celestial Infosoft,Coupon Cred
FinsinTech,Ravikas kamboj
Oyelabs Technologies,Dharmendra Maskare
BitcodingSolution,Tushar Kachhadiya
Codes for tomorrow,Neha Raghuwanshi
Nexio,Nexio Names Roy Banks as Next CEO
Single Point Solution,Naveen Mamidi
Maxaix,Sangeeta Paryani
KriraAI,Divyang Mandani
Appzmine Tech Pvt Ltd,mazhar imam
Trakshym,Deep Rupareliya
Digital Auxilio Technologies,Mritunjay Kumar Singh
Atrina Technologies,Amol Bhanushali
sleekIT Technologies Pvt. Ltd.,Rahul R
SmartMatrix,CEO
Artik Infotech,Nikunj Dobariya
AAHENT Consulting Software,Anant Tripathi
ChiStats ,Rahul Lahane
Tech Cloud ERP,Vignesh Dhandapani
SyanSoft,Aarti Sethi
Henceforth Solutions,Abhishek Suri
einnosys,Krishna Thakkar
XLNC Technologies,Netra Cooper
Thinkscoop Technologies,Krishan Saini
Unizoy,Rajpurohit Vijesh
HostingN,Robert Wesley Norman
AskMe Technologies,Ashok Kumar
Back B Solutions LLP ,Nisarg Shah
Bitrox Technologies,Adarsh Jaiswal
Equative Solutions,Tushar Dholakia
Triviti Tech Private Limited,Harinath Gariga
Revatics,Sharad R
Software Consulting Services i,W. Coy Gauthier
Cybernative Technologies,Nimisha Patel
PalTech,Shyam Palreddy
techqware ,Abhinav Srivastava
Nivedita infosystem,Nivedita Infosys
Openmalo Technologies,Bhimji Bhalodia
Profuture Tech Solutions,Kalaivani Thangavel
Dhina Technologies,SelvaKumar A.S
Coherent Lab ,George P.
Grizon Tech,Harveer Singh
Avantika Innovations Pvt. Ltd.,Anil Saraf
Deep Nucleus,Steve Carter
Webelight Solutions Pvt. Ltd.,Miraj Koradiya
DATACLAP DIGITAL,Sanjeev Mohan
Kirshi Technologies,Murali Subramaniam's Post
DataDwip,Manuel Manuelli
Ratna Global Technologies ,Prakash Ratna
vi-tech,David Burns
Plenitude Technolabs,Art Greco
Scipytechnologies,Rahul Bose CP
Coder Roots,Richard Harris
Shilp IT Solutions,Shilp Agarwal
Parangat Technologies,Sahil G.
Infiniticube Services,Milan Kumar
Third Rock Techkno,Tapan Patel
HQ ,Matt Sutherland
Oodles ERP,Maneesh Madan
eDelta Enterprise Solutions,Sagarkumar Chopada
Sagar Infotech,Parmod Gupta
CDN Solutions Group,Surajit Mitra
Tvisha Technologies Pvt Ltd,Sudhir Naidu
Nevina Infotech Pvt. Ltd.,Pramod C
SEO Power Solutions,Sharat Nair
Krishna Padam IT Solution Pvt.,Saurav Kumar
ThinkPalm Technologies,Manoj Kongot
MINDIII,Braj Sharma
Zaigo Infotech ,Gavaskar Raj
Codingzap Technologies ,Vinod Tiwari
Netset Software Solutions,gary bhatti
EliteSigma Infotech,Nilay Soni
MagnusMinds IT Solution LLP,Harshal Shah
EllocentLabs IT Solutions Pvt,Sudhir Hasbe's Post
Tecstub,Hiral Bhatt
Pyzen Technologies,Shivansh G.
Technosys IT Management,Shreekant Pratap Singh
MultiQoS,Prashant Pujara
IT IDOL Technologies,Deval Rathod
Shiv Technolabs Pvt. Ltd.,Kishan Mehta
Webkorps Services,Parakh G.
startelelogic,Umesh Pande
Scrum Digital,Mohit Agarwal
Esp Softtech Pvt. Ltd,Rahul Bhadoriya
Ingenious Minds Lab Solutions ,Jignesh Patel
CodeAegis Pvt Ltd,Sakshi Aggarwal
Novumlogic Technologies,Rohan Shah
ipath Solutions,Geoffroy Coteur
Innow8 Apps,Kapil Bindal
Opris Exchange,Senthil Kumar
Softquake Systems  Pvt. Ltd.,Julius Mallik
Appticz,Gnanaprakash Balakrishnan
Comfygen Private Limited,Saddam Husen
Fire Bee Techno Services,Priya Balan
Abhiwan Technology,Abhishek Verma
Monkhub Innovations,Raghu Raaj Shekhar
Enfin Technologies India ,Ayyappan Asokan
Kryptobees,Jeeva Karthick
Wednesday Solutions,Ali Hafizji
Ailoitte,Sunil Kumar
BrainerHub Solutions,Pradeep Pachauri
TheCodeWork,Ashish Singh
Spiral Mantra Pvt Ltd.,Kaushik (Ken)
Ramam Tech,Harsh Kavar
Deftsoft,Amaneet Singh Brar
PeopleApps Technologies,Shivam Dixit
Apps AiT,Happy Birthday to our visionary CEO! üéÇü•≥ @appsait
Fourbrick Technology Pvt Ltd ,Kishan Gupta
CloudPulse,Aditya Kadam
Encrypted Infoweb,Jasmeen Virani
Zordo Technologies,Manisha Sharma
Smartlogiq,Amira Ben-Gacem
Pixelette Technologies,Asif Ashiq Rana
Systango Technologies Ltd,Vinita Rathi
Kellton,Karanjit Singh
Arrk Group,Sonal Nagda
Elite It Team,Aisha M.
Orestes Technologies (P) Ltd,Anand S
Audacia,Bright Sekoni
Golden Owl Solutions,Justin Nguyen
Webskitters Ltd,Atanu Sarkar
Square Root Solutions,Ciaran Stone
Ulan Software,Jacob Bihun
BotsCrew,Nazar Hembara
Tech Alchemy,Soham Trivedi
Rant,Anton Faulconbridge
DEVSTREE IT SOLUTIONS LIMITED,Nirav Joshi
Techclues Ltd ,Cal Payne-Taylor
Growth Anchors,Ravi Ahirwar
AARCHIK SOLUTIONS,Mithun Sen
Tiksomlimited ,MHB Consultancy
GALTech Technologies Pvt Ltd,◊©◊û◊ê◊ô ◊ñ◊ú◊¶◊ë◊®◊í◊®
Pixel Fusion,Amy de Hamel
Smart Working,Ruth Gawthorpe
Cyber Bee,Luca Gabrielli
Communere Ltd.,Ben Bahmani
Third Platform Technologies,Eric Scott
hedgehog lab,Sarat Pediredla ü¶î
Innovify,Maulik Sailor
Honeycomb Software,Christine Yen
Magora,Vladimir Potapenko
SPD Technology,Alex Sadovsky
Innovadel Technologies,Haroon Chaudhry
Timspark,Sergei Orlov
InStandart,Kostyantyn Tolstopyat
LogiNet International,Zsolt Tibor N√©meth
Upstaff,Yaroslav Kuntsevych
Wolfpack Digital,Georgina Lupu Florian
Evozon,Claudiu Cretu
AscentCore Technology,Catalin Stef
Virtualizm,Virtualizm Dev
JayDevs,Alex Valadzko
Aristek Systems,Sergey Tolkachev
RichBrains,Max Dinman
Union Smart Technology,Kirichenko Denis
GIANTY,Bang Nguyen
Savvycom,Van Dang
AHT Tech ,Martin Nguyen
Bac Ha Software (BHSoft),Tr·∫ßn V≈© Vi·ªát Anh
Xenia Tech,"Stella Sevegran, People-oriented CEO"
Synodus,Cong Nguyen
Apps Cyclone Technology JSC,Tuan Nguyen
"MOHA Software Co., LTD",Nguyen Thanh Nam
Neurond,Nick Nay
NAPA Global,Phu Ngo
LTS Group,Huy Nguyen
Kyanon Digital,Tai H.
Global Enterprise Mobility,Ngo Khanh Hoang
Overlap,Saami Kalule-Sabiti
Cozmotec,CozmoTec CEO: AI is for every business | ThinkBusiness
MG Digital,Marina Gee
AI Superior,AI Superior on LinkedIn: Our CEO Ivan Tankoyeu explores ...
sprylab technologies GmbH,Kolja Kosim
Linvelo,Guy Golan
Metanoia IT Solutions GmbH,Christian Birzer
QH Consulting,Quinn Hamilton
IT Craft,Kostyantyn V.
OAK'S LAB,Jake Dluhy-Smith
LinkitSoft,Syed Shuja Raza Shah
Discretelogix,Farrukh Malik
DevProvider,Khuram Javaid
AKS iQ,Yahya Ghaznavi
Devsort Services,Bilal Ahmed
PlomX Tech Official,Embracing Innovation with PlomX Tech's CEO at the LEAP ...
Funavry Technologies,Hamza Irshad
Authornate,Abdul Noman
Saeedan Technology,Muhammad Atif A.
Techayal,Ujala Siddique
TopTech,Bryan Corlett
Swipe Technologies,Balan Periyasamy
HEGTAVIC TECH CO PVT LDT,Shahzad Ahmad Rana
Digital Elliptical,Digital Elliptical
cognilium,Mudassir Marwat
MentorSol,Ahmad Zaib
Mexasol Private Limited ,How Forecasting Improves Business Decision-Making | Mexasol ...
GAK Technologies,Glen kuhns
DevsPeep Inc.,Rana Al-Badran on LinkedIn: Intermediate Full Stack ...
codeiez,M Mujeeb Alam
OpenX,John Gentry
Unixsol,Ahmer Shahzad
ZAPTA Technologies,Nasir Ali Joiya
Tezeract,Abdul Hannan
Markovate,Rajeev Sharma
SoloWay Technologies,"Recently, our CEO, Vitaliy Rodymiuk of SoloWay Technologies‚Ä¶"
Integrio Systems,Alex Mykhaylov
Umano Logic,Shovkat Alizada
Master of Code Global,Dmytro Hrytsenko
Cognitive IT Solutions,Tanveer Abbas khan
SkyTrut Inc.,John Amos
Vizio Consulting,William Wang
Invision solution ,Mr.Komal Patel
Soft Tech Cube,Naveed Ahmed Khan
Hashthink Technologies,Taha Shokouhi
Intellivizz USA LLC,Nakul Mehra
DTskill,Dinesh Soundararajan
KT Informatik,Rifat Jahan Azad
Iron Devs Digital,Michael Bernstein
Incerro,Manas Usharia
Kody Technolab,Manav Patel
CJ Technologies,David Shi
Indca Services Limited,Sunil Sharma
TTT Studios,Jose Hernandez Castilla
Lumenta Digital Icn.,Tim Lumenta
MoogleLabs,Ganesh Verma
Gsquare Web Technologies ,Gaurav Vashisht
FiverreX,Mithu Roy
Holycode,Milan Nikolic
PCM Agency,Pierre Leuthner
Imaginary Cloud,Tiago Franco
Globaldev Group,Slava Ponomarov
Software Angels,Miguel Angel Jimenez Nu√±ez
Altar.io,Daniel de Castro Ruivo „ÉÑ
Studio 351,Zoran Aleksikj
Go Wombat,Volodymyr Sokolovskyi
Anadea,Slava Dodatko
Springs,Fee Stubblefield
Lasting Dynamics,Michele Vittorio Cimmino
Fluper Technologies W.L.L,Ahmed Bahman
Geeklab,Jesse Lempi√§inen
Exceed IT,Jeandre Van Zyl
BroutonLab,Mikhail Iurushkin
Porat,Idan Ron
Ateliware,Gustavo Chofra
Appnox Technologies,Shivdeep Singh
Rootstrap,David Jarrett
Techolution ,Luv Tulsidas
Coherent Solutions,Igor Epshteyn
Qualitest Group,Anbu Ganapathi Muppidathi
Waverley Software,Matt Brown
Saigon Technology,Thanh Pham
Openxcell,Jay Patel‚ö°
Antino,Vinay Krishna Gupta
Intellectyx Inc,Raj J.
LeewayHertz ,Akash Takyar
atQor,Pushkaraj Kale
Helpware,Alexander Tereshchenko
VLink Inc,Sharad Patney
V2soft Pvt. Ltd.,V2Soft Inc
Scopic,Tim Burr
Talentica Software,Nitin Shimpi
HitechBPO,Chirag Shivalker
Indium Software,Ram Sukumar
Onix- Cloud strategy partner,"Onix CEO On 5x AI Growth, GenAI Projects And Google ..."
"Milestone Technologies, Inc.",Sameer Kishore
Royal Cyber,Mustafa Pesh
Softura,Mark Murphy
Synoptek,Timothy Britt
TEAM International,Matt Moore
GoodWorkLabs,Sonia Sharma
eInfochips,Pratul Shroff
Apriorit,Dennis Turpitka
Biz4Group LLC,Sanjeev Verma
Codetru,Jaya Prakash Peddineni
TokenMinds,Rob Eijgenraam
successive Digital,Sid Pandey
Nuvento ,Suraj Arukil
Webuters Technologies Pvt. Ltd,Krishna Bhatt
Get Smart Coders,Edwin Bruno
Hoory AI,Gevorg Balyan
Saxon AI,Gopi Kandukuri
Genetech Solutions,Shamim Rajani
Ignitho Technologies,Joseph Olassa
Flatworld Edge,John Thomson
iotric,Ved Prakash
Flyaps,CEO Enterprise ¬Æ posted on the topic
Lucent Innovation,Nitesh Kasma
Impiger Technologies Inc,Ramakrishnamoorthy Venkatasubbu
InfoObjects Inc,Anjali Y.
App Makers LA,"Daniel Haiem, CEO"
WEZOM,Serge Guzenko
Futurism Technologies,Sheetal Pansare
Payoda Technology Inc,Karunya Sampath
Thena,Ankit Saxena
Sphere,Alek Angelov
Sure Skills,Wayne Slavin
Nalashaa Solutions LLC,Ashwani Jasti (AJ)
Kastech SSG,Suresh Katamreddy
Custom Software Lab,David Lason
Atrium,Eugene A. Woods
First Line Software,Nick Puntikov
Relevance Lab,Vasu Sarangapani
Blockchain app factory,Anup Kumar
Troy Web Consulting,Jon Briccetti
WebBuddy,Suchitra Sinha
Oxagile,Dmitry Karpovich
ThirdEye Data,Dj Das
Visionify,Harsh Murari
Contata,"Pradeep Sinha, Ph.D."
Liquid Technologies ,Hadi R Tabani
Matellio Inc.,DILIP SINGH
Simublade ,Mashhood Raza Azka
Koombea,Jonathan Tarud
Trigma,Piyush Sood
Yellow,Michael Heyink
WeThinkApp,Manish Surapaneni
Zamorins Solutions,Latha Kumar
Dogtown media,Marc Fischer
vteams,Mark Mian
Bigscal Technologies Pvt. Ltd.,Bharat Godhani
Digital Web Help,Harshdeep Kaur
Avion Technology Inc,Chet Tambe
IntersoftKK,David Rakhit
Achievion Solutions,Alex Jacome
NewAgeSysIT,Limy John
Maxsource Technologies,Navdeep Sethi
Azumo,Chike Agbai
Prosigns,Nayab Raheel (Ethan)
SP Tech Inc,Neeraj Parikh
Xperti,Yadin Soffer
Deeta Analytics,Jyo Reddy
Socialhi5 ,Shankar K
Brickclay,Muhammad Yasir Aleem
Iotasol,Yashpal Singla
Tensorway,Irina Lysenko
QBurst,Prathapan Sethu
UVIK Software,Paul Francis
Beyond Eris Solutions,Muhammad Usman
NextGen Invent,"Deepak Mittal, MBA, MS, FRM"
INEXTURE Solutions,Dharmesh Patel
Melonleaf Consulting,Lalit A.
Cubix,Salman Lakhani
Datafortune,Ron Ranawat
Uvation,Harjinder Singh Wazir
Maxnet Technologies,Ricky Rafiuddin
SPG America,Douglas Peterson
Odyssey Analytics,Max Syed
Bitcot,Raj Sanghvi
Newwave Solutions JSC,To Quang Duy
SilverXis,Krunal Thakkar
Travel-O-Media,Yaniv Frenkel
Bottom Funnel,Bryan Dulaney
Differential,David Woody
Devoted Studios,Ninel Anderson
Kryptos Technologies,Gokulnath C
Blocktunix,Reena Bhagat
ZuciSystems,Vasudevan Swaminathan
HTCGlobalServices,Madhava Reddy
Programming.com,Ishwari Singh
Trinetix,Sasha Strozhemin
Impelsys,Sameer Shariff
Viitorcloud Technologies,Rohit Purohit
AI Development Services,Steven Malca
bexcode services,Paresh M Patel
App Maestros,Felipe Spina
Mountainise,Jalil Nawaz
Coddle Technologies Pvt Ltd,Jose Baby
Rendream,Aater Ali
Acadecraft Private Limited,Harendra Singh Tomar
BorderlessMind,Rishi Khanna
UplineSoft,Ivan Olin
SunTec India,Rajesh Bhateja
Fulminous Software,Manish Kumawat
SunTec.AI,Nanda Kumar
VisionX,Abdo Riani
Techify Solutions INC,Brendan Howe
OmniMD,Divan Dave'
G2 TechSoft PVT LTD.,Gowtham Suresh
ObjectStyle,Andrus Adamchik
Quinnox,Amit Nagar
KitelyTech,Jason L. Weiner
ZS Associates,Pratap Khedkar
Black Airplane,David Leggett
Iflexion,Deepali Deshpande
"Tech.us, Inc",Praveen Narra
Azati Corporation,Jon Chakoff
Differenz System,Brijesh Tekrawala
Metaverse of Things,Ashok Kumar ‚úÖ
MojoTech,MojoTech Announces Seth Mirick as CEO | 138 comments
ITRex Group,Vitali Likhadzed
Internet Soft,Rohan Ramakant Patange
Flatworld Solutions,Jacob William
Augment Works,Varsha Sharma
Addepto,Artur Haponik
Tech4biz Solutions ,Vaibhav Tekam
"Auxiliobits, Inc.",Birinder Singh
HQSoftware,Sergei Vardomatski
Veraqor,Muhammad Farrukh Arif Lala
Agiliway,Igor Lysenko
Ciphers Lab,Muhammad Mudassir
"Quartus Technology, Inc.",John Williams
Kodexo Labs,Hammad Siraj
Hyqoo,Atul Kumar
Steptech Global,Syed Mughees Uddin
Skillfi,Shrey Pherwani
On Wave Group,Erick Xochipa
Codebuddy Pvt Ltd,Abhishek Gupta
Blitz Mobile Apps,Joseph Lewis
Neoncorte,Vladimir Shibanov
Inteliviu,Aftab Khan's Post
Global IQ Services,Liza Taylor
Heliosz,Dwayne D'Souza
Trango Tech,Malcolm McKee
Cosnet Global,Shubham Kumar
NextGen Coding Company,Shankar Sahai
UNILAW Technologies,Dyjan Antony
Colladome IT Network Solutions,Shubham Saxena
Scalability,Natalia Odrinskaya
Babbage and Turing,Kirstin Duffield
Pegasync,Muhammad Hassan Khan
Build Future AI,Charles Simon
O16 Labs,Muhammad Arsalan
ClouxiPlexi,Hanna-Mari Parkkinen (she/her)'s Post
JBS Code,Sherrie Nash
ZION ELITE SOFTWARE SOLUTIONS,Venkat Krishnan
LushBinary,LushBinary Portfolio
innovatics,Brij Jardosh
Villaex Technologies,Hamza Israr
Synatech Solutions,Aman Sanghi
Appnality,Mark Daniel
Maldev Technologies,Mohamed Fazeel
White Label Partner,Stephen Woessner
Design Optimise,Dennis Kone
Alltegrio,Oleg Goncharenko
Coding Crafts,Hakeem Abbas
Vexed Solution,Anthony Coppa
Devaims Software Services,Arslan Sheikh
Hutech Solutions,Pravat Ranjan Rana
Devsinc,Usman Asif
InvoTeams,Mishaal Naeem
datakulture,Jagadeesan V
United IT Consultants,Hamid Tayeb
Core Optimizers,Saurabh Deep Bhatia
BwLogics,Nazish Fatima
Pixel Growth Labs LLC,Zach Everman
OmniOne.ai,Dan Gerstenzang
Innovative Hunt,Derwin Hunt
Big O Soft,Iqbal Khan
rapidcode.dev,Mishanth Ardithpersad
The Wise Centaur,Argenis Carmona
letsremotify,Muhammad Mahroz Khan
WEBNYS Technology,Devansh Jani
ErisAI,Gary Hendler
App Verse INC,Michelle Yin
Transdata,Usman Khalid
Future Vision 360,Satyanrayana Gagiraju
Bluetick Consultants Inc.,Ankur Gupta
PixelBrainy LLC,Chitra Soni
HyScaler,Devadatta S
Richmond Tech Group,Ahad Khan
CXR.Agency,Lucky Lance Gobindram
ELEK+RIK,Kirill Storch
Enovate LLC,Enovate Solutions
Progatix,Sohail Ashraf
Telepathy,Josselyn B.
UAPP,Oleksandr Zhmurko
Materialize LLC,Lauren Ober
IntellicoWorks,Kevin C.
Upcore Technologies,Gaurav Passi
Global Nodes,DENIS NDONG KOH
Offshore Development Center,Serge Art
AI Development Company,"Meet Mika, the World's First AI CEO"
Next Olive Technologies,Mohd Vaseem
Todays Tech LLC,Kevin Carbone
Xcelligen Inc,Venkat Veera
Fuel Global,Steve Mellgren
3AX Technologies,Muhammad Adeel Khan
AiFA Labs,Harish Mandadi
Hubaix,Hunain Siraj Barkati
Add Individual Solutions Ltd,Adriana Dobos
Acuity Codes,"Heidi Hurt, PMP"
StakNest,Muhammad Wasif
Monosoft,Danyil Pysmak
Mind Maze Pvt Ltd,Muhammad Ibrahim
Optimized Technologies Inc.,Nayan Dosi
Aprisity Technologies,Caroline Noublanche
Intellectfaces Inc,Kishore Kochi
OCloud Solutions,WAQAS H.
AvecTree,Gagan Arora
Arcitech,Chandler Ferguson
First97Days,Wasil Roohan
Tambena Consulting,Amanda Tambe
eTechLogix Inc.,Shadab Husain
NGS Solution,Tamer Azzam
ONE Technology Services,A. Hafeez Syed
Bridgenext Technologies,Sunil Misra
MOBIZEAL Apps,Ragini Pandey
Mobile Apps Ai,Siddharth Garg
Venus Global Technology,Paresh Lheru
ModelingEvolution,Jason Abril
App Design 360,Ronnie Peters
Kaalo LLC,Rajib Adhikary
AlgoRepublic,Hasan A.
Captus Technologies LLC,Jay W.
Diginatives,Kashif A
Engro Technologies,Pooja Kapoor
Mobisoft Infotech,Shailendra Sinhasane
Moon Technolabs Pvt. Ltd.,Jayanti K.
OTS Solutions,Hemant Madaan (HM)
Fortitude Development,david bleiweiss
Solution Analysts ,Kalpesh Patel
Cygnis,Ahmed Hashim
SPsoft,Michael Lazor
Zymr Inc.,Haresh Kumbhani
Logicspice Software,Manish Shrimal
Apptunix,Nikhil Bansal
Zenkoders,Zeeshan Sikander
Softweb Solutions Inc,Hitesh Patel
i-Verve inc,Hiren Jayswal
OptiSol Business Solutions,Jayakumar Radhakrishnan
WDI - A Mobile App Development,Ritesh Pandey
WiserBrand,Michael Podolsky
AllianceTek Inc.,Sunil Jagani
JumpGrowth,Hemant Madaan (HM)
Webstep Technologies ,Sourendro Banerjee
TechGropse Pvt. Ltd.,Aman Mishra
Arbisoft,Yasser Bashir
Binariks,Bohdan Petrivskyy
DyCoders,Pakistan's First Female IT Company CEO Dr. Ukasha Habib
Arccus Inc,Shekar Ayyar
Computools ,Sergii Tymchuk
UIUX Design Agency - 47Billion,Anjali Gupta
Gleecus TechLabs,Suprit Patra
Agile Infoways LLC,Ronak Shah
Intellibeans Technologies,Gurpreet Reen
MagmaLabs,Carlos Rocha
A3Logics,Akhilesh Sharma
CodeEpsilon Services,Neeraj Singhal
NIX,Matthew Nix
Magicmind Technologies Limited,Kumar R.
websuasion,J. Ryan Williams
JS Panther Pvt. Ltd.,Naman Shelat
Erbis,Anton Zimarov
Code Creators Inc,Shehryar Rajani
App Maisters Inc,Fahim iqbal
Idea Usher,Nitish Garg
Indeema Software Inc.,Yaroslav R.
Centrelocus,Amit Gupta
Aspire Softserv,Purav Gandhi
Softacom,Yury Bruev
aPurple,Paresh Sagar
SynergyTop Inc,Jayesh Totla
SumatoSoft,Yury Shamrei
Uncanny Consulting Services ,Ankit Gauri
TekLink International LLC.,Pankaj Gupta
Think To Share ,Parag Nandy Roy
SoluteLabs,Karan Shah
Widerix,Michael Zhdanau's Post
Pixcile Technologies,Ahtesham Khan
Lionwood.software,Yuriy Kaminovskyy
TechForce Services,Vamsi Krishna
Hivex,Alex B.
M TECHUB LLc,Muhammad Usama
Euroline International,Shivachandran S
Thoughtworks,Mike Sutcliff
Appmart,sylvester Mako
Atlasopen,Edgar Monroy
Exigo Tech Pty Ltd,Vivek Trivedi
Code Heroes,Brendt Sheen
CopilotHQ,Al Cranswick
Kamexa AI ,Kia Ghasem
The Development Agency,Nardos Bekele-Thomas
Blockstars,Denis Ngure
7 Pillars,Mark Aylward
Eritheia Labs,Azan A.
VT Digital ,Vitor de Jesus
minicode,Alex Turkevych
DevVibe,Faiz Jillani
PlusAI Solutions,Dongjie Wu
Ohio Digital,Matt Vincik
Optominds,Teresa Gomez's Post
Tanta Innovative,Abraham Esandayinze
Fuse Solutions,"Meet Louise Johnson, Fuse CEO | Fuse posted on the topic"
Webfluentia,Chris de Gruijter
Figzol,Rehana Kausar
STS Software GmbH,Thanh Pham's Post
Trident Software S√†rl,Trident Software
Montenegro Systems,Du≈°ko Petroviƒá
InData Labs,Marat Karpeko
Digis,Alexey Nagatkin
Bettoblock,Gaurav Gaggar's Post
Smart Chain Technology,Walid Messaoudi
Maxwell Global Software,Azhagarraj Jayabalan
iGenerate,Jaime Mendoza
Innosoft UAE,Ahmed El Koutbia
Arcana Info,Amin Ul Hafeez
REACH 3C,Daniel Muller
Datametriks Analytics,Michael Haggerty
QuantumFind AI ,Sanjay Chittore
softnsolve,Anwar Ahmed
Qubist.ae,Fernando Tiglio
SEO Company Pro,Sasan Raeisi
appscreated.com,Amaan Hasan
Syscort Technologies,Ajinkya Kalantri
Fractal Digital,Fractal Digital
Dev Technosys Dubai,Tarun Nagar
Tessafold Inc,Muhannad Tabboush
AlphaCodr Technologies LLC,Mehdi Trabelsi
Evotik,Ghayath Abu Ghosh
DigiExpo,Emmanuel Ojo
WDCS Technology UAE,Kishan Gohel
Appikr Labs,Akansha Pandey
In Time Tec South Korea,Jeet Kumar
viAct - AI Video Analytics,Gary Ng
Sohoby,Anas Malik
Rev9 Solutions,Aqeel Syed Muhammad
D X Technologies LLC,Ajeshkumar C.
Prodgrade,Haysam Bin Tahir
Trade Development Kft,Ivan Geliukh
Splendex,Levente Sz√©kely
Serfe,Federico Berardi
Rather Labs,Franco Scucchiero
Usetech,Ehsan Motesharei
"ISS Art, LLC",Ivan Orekhov
ilink,Sree Balaji
10Clouds,"I have run 10Clouds for 15 years as CEO, and today marks ..."
Deviniti ,Katarzyna (Kat) Dorosz-≈ªurkowska's Post
Tooploox,Strategic Enterprise Partnership Manager
Exposit,fernando echavarria
Scalo,Jim Scalo
Fively,"Interview with Alexey Kalachik, CEO & Co-Founder at Fively"
Fingoweb,Dawid ≈öwinicki
Mobile Reality,Mikael H√∂rkk√∂
Neoteric,Matt Kurleto
Escola S.A.,Krzysztof Wojewodzic
Silk Data,Dani Golan
DBB Software,ŸÖŸäŸÜÿß ŸÖÿ±ŸÇÿµ
nomtek,nomtek's Post
Modsen,Gleb Terentev
Phenomenon Studio,Rodion Chudin
Solutecia sas,Iv√°n Javier Londo√±o Rueda
Cysparks,Samuel Mogul
Teknikali Tech,MATHIVAANAN MARIAPPAN
Eightyseven Technology ,Fahd Mohammed
HackTech,Hakob Sharabkhanyan
Fifth LLC,"Aramayis Harutyunyan, Ph.D."
Solicy,Hovhannes Shitikyan
SoftShark,Karlen Mkrtchyan
Addevice,Peter McMahon
BeeWeb,Karen Hovhannisyan
INSCOPE,Matt Rizzo
SCD Company ,Kobi Zaushnizer
Serokell,Arseniy Seroka
OmiSoft,Daniele Diamanti
IT Svit,Volodymyr Fedak
Idealogic,Alexander S.
Nxgen,David Bozek
Yalantis,Den Rudenko
Abto Software,Yuriy Kapkovskyy
DataRoot Labs,Ivan Didur
S-PRO,Igor Izraylevych
Zfort Group,Elena Chekalina
Linkup Studio,Andriy Sambir
Soft Industry Alliance LTD,Dmytro Voychenko
CHI Software,Chief Executive Officer
Stubbs,Scott Jensen
Intelliarts,Andriy Zakharchuk
Relevant Software,Troy Malone
Devox Software,Vadym Zotov
Room15,Oleksandr Bielinskyi
SOUTSOB,SOUTSOB's Post
NERDZ LAB,Volodymyr Khmil
INC4,INC4's Post
